modelo,use_bl,bl_method,conf_base,lookback,skip,train_years,max_weight,anio,perfil,prob_aceptacion_prom,prob_abandono_prom,retorno_anual,volatilidad_anual,sharpe,max_drawdown,meses_activos,abandono,comision_total,frecuencia_rebalanceo,caja_chica_promedio
hybrid_bl,True,robust_factor_hybrid,1.0,126,21,5,0.01,2019,muy_conservador,0.5,0.0,-0.0091,0.0,0.0,0.0,12,False,9954.29,0.3333,1.0
hybrid_bl,True,robust_factor_hybrid,1.0,126,21,5,0.01,2019,conservador,0.2997955636898816,0.1451718228485861,0.1002,0.158,0.6341,0.0597,5,True,4785.46,0.2,0.0051
hybrid_bl,True,robust_factor_hybrid,1.0,126,21,5,0.01,2019,neutro,0.2239020716535569,0.0,0.2115,0.0647,3.2666,0.022,12,False,11545.12,0.25,0.0054
hybrid_bl,True,robust_factor_hybrid,1.0,126,21,5,0.01,2019,arriesgado,0.2471252341835525,0.0,0.256,0.0741,3.4553,0.0179,12,False,12110.14,0.25,0.0037
hybrid_bl,True,robust_factor_hybrid,1.0,126,21,5,0.01,2019,muy_arriesgado,0.0835919656981488,0.0,0.315,0.0715,4.4055,0.0192,12,False,12261.11,0.0833,0.0067
hybrid_bl,True,robust_factor_hybrid,1.0,126,21,5,0.01,2020,muy_conservador,0.5,0.0,-0.0091,0.0,0.0,0.0,12,False,9954.29,0.3333,1.0
hybrid_bl,True,robust_factor_hybrid,1.0,126,21,5,0.01,2020,conservador,0.999990904533432,0.4990894757819538,-0.3353,,0.0,0.1131,2,True,1599.56,1.0,0.0
hybrid_bl,True,robust_factor_hybrid,1.0,126,21,5,0.01,2020,neutro,0.3849456515767157,0.3333312842340076,-0.6513,0.2734,-2.3818,0.27,3,True,2235.05,0.6667,0.001
hybrid_bl,True,robust_factor_hybrid,1.0,126,21,5,0.01,2020,arriesgado,0.3478409417572196,0.0,0.2992,0.2771,1.0798,0.2306,12,False,10845.75,0.3333,0.0035
hybrid_bl,True,robust_factor_hybrid,1.0,126,21,5,0.01,2020,muy_arriesgado,0.2587269767794349,0.0,0.3701,0.2977,1.243,0.2467,12,False,10846.34,0.25,0.0042
hybrid_bl,True,robust_factor_hybrid,1.0,126,21,5,0.01,2021,muy_conservador,0.5,0.0,-0.0091,0.0,0.0,0.0,12,False,9954.29,0.3333,1.0
hybrid_bl,True,robust_factor_hybrid,1.0,126,21,5,0.01,2021,conservador,0.9999999999958556,0.5812485591598301,0.0,,0.0,0.0533,1,True,867.65,1.0,0.0
hybrid_bl,True,robust_factor_hybrid,1.0,126,21,5,0.01,2021,neutro,0.9958602798795578,0.0,0.3929,0.1288,3.0511,0.0533,12,False,12953.57,1.0,0.0
hybrid_bl,True,robust_factor_hybrid,1.0,126,21,5,0.01,2021,arriesgado,0.8742722637214982,0.0,0.3583,0.1065,3.3627,0.0428,12,False,12040.37,0.8333,0.0004
hybrid_bl,True,robust_factor_hybrid,1.0,126,21,5,0.01,2021,muy_arriesgado,0.856559041809123,0.0,0.3913,0.1199,3.2631,0.0485,12,False,12152.75,0.8333,0.0002
hybrid_bl,True,robust_factor_hybrid,1.0,126,21,5,0.01,2022,muy_conservador,0.5,0.0,-0.0091,0.0,0.0,0.0,12,False,9954.29,0.3333,1.0
hybrid_bl,True,robust_factor_hybrid,1.0,126,21,5,0.01,2022,conservador,0.9962790178198908,0.37846424952014,-0.1468,0.183,-0.802,0.0866,4,True,3211.61,1.0,0.0
hybrid_bl,True,robust_factor_hybrid,1.0,126,21,5,0.01,2022,neutro,0.1899035555970652,0.1743640794824803,-0.2133,0.2029,-1.0514,0.1934,9,True,6895.05,0.2222,0.0037
hybrid_bl,True,robust_factor_hybrid,1.0,126,21,5,0.01,2022,arriesgado,0.0118467960081525,0.0,-0.114,0.1712,-0.6661,0.2112,12,False,8633.58,0.0,0.0099
hybrid_bl,True,robust_factor_hybrid,1.0,126,21,5,0.01,2022,muy_arriesgado,0.0037569300534035,0.0,-0.1771,0.2573,-0.6883,0.3056,12,False,7913.22,0.0,0.007
hybrid_bl,True,robust_factor_hybrid,1.0,126,21,5,0.01,2023,muy_conservador,0.5,0.0,-0.0091,0.0,0.0,0.0,12,False,9954.29,0.3333,1.0
hybrid_bl,True,robust_factor_hybrid,1.0,126,21,5,0.01,2023,conservador,0.9886020293043718,0.1211990769299945,-0.1016,0.0544,-1.8687,0.0543,5,True,4502.57,1.0,0.0
hybrid_bl,True,robust_factor_hybrid,1.0,126,21,5,0.01,2023,neutro,0.5322686893287546,0.0,0.1492,0.1674,0.8912,0.0809,12,False,11238.56,0.5,0.0014
hybrid_bl,True,robust_factor_hybrid,1.0,126,21,5,0.01,2023,arriesgado,0.0001049765808252,0.0,0.0568,0.113,0.5026,0.0626,12,False,10189.14,0.0,0.0121
hybrid_bl,True,robust_factor_hybrid,1.0,126,21,5,0.01,2023,muy_arriesgado,0.0738474376848399,0.0,0.1581,0.1722,0.9184,0.0858,12,False,10496.25,0.0833,0.0041
hybrid_bl,True,robust_factor_hybrid,1.0,126,21,5,0.01,2024,muy_conservador,0.5,0.0,-0.0091,0.0,0.0,0.0,12,False,9954.29,0.3333,1.0
hybrid_bl,True,robust_factor_hybrid,1.0,126,21,5,0.01,2024,conservador,0.9999993076254668,0.0,0.2144,0.1184,1.8104,0.0428,12,False,11263.83,1.0,0.0
hybrid_bl,True,robust_factor_hybrid,1.0,126,21,5,0.01,2024,neutro,0.9863453356988586,0.0,0.2144,0.1184,1.8104,0.0428,12,False,11263.83,1.0,0.0
hybrid_bl,True,robust_factor_hybrid,1.0,126,21,5,0.01,2024,arriesgado,0.1449622254459898,0.0,0.2154,0.0978,2.2021,0.0327,12,False,11512.72,0.1667,0.005
hybrid_bl,True,robust_factor_hybrid,1.0,126,21,5,0.01,2024,muy_arriesgado,0.3016665960545532,0.0,0.2457,0.1269,1.9354,0.0488,12,False,11799.81,0.25,0.0036
hybrid_bl,True,robust_factor_hybrid,1.0,126,21,5,0.01,2025,muy_conservador,0.5,0.0,-0.0091,0.0,0.0,0.0,12,False,9954.29,0.3333,1.0
hybrid_bl,True,robust_factor_hybrid,1.0,126,21,5,0.01,2025,conservador,0.9792290161047728,0.0,0.2179,0.0754,2.89,0.0324,12,False,11366.0,1.0,0.0
hybrid_bl,True,robust_factor_hybrid,1.0,126,21,5,0.01,2025,neutro,0.6573638403655159,0.0,0.2266,0.0745,3.0428,0.0324,12,False,11389.62,0.6667,0.0011
hybrid_bl,True,robust_factor_hybrid,1.0,126,21,5,0.01,2025,arriesgado,0.3564840810281544,0.0,0.1278,0.0556,2.2979,0.0315,12,False,10878.62,0.25,0.0069
hybrid_bl,True,robust_factor_hybrid,1.0,126,21,5,0.01,2025,muy_arriesgado,0.3007137039786516,0.0,0.1052,0.0842,1.2491,0.0697,12,False,10616.85,0.25,0.0062
hybrid_bl,True,robust_factor_hybrid,1.0,126,21,5,0.025,2019,muy_conservador,0.5,0.0,-0.0091,0.0,0.0,0.0,12,False,9954.29,0.3333,1.0
hybrid_bl,True,robust_factor_hybrid,1.0,126,21,5,0.025,2019,conservador,0.2997955636898816,0.1451718228485861,0.1002,0.158,0.6341,0.0597,5,True,4785.46,0.2,0.0051
hybrid_bl,True,robust_factor_hybrid,1.0,126,21,5,0.025,2019,neutro,0.5300412080772193,0.0,0.1557,0.0505,3.0846,0.0213,12,False,11265.5,0.5,0.0032
hybrid_bl,True,robust_factor_hybrid,1.0,126,21,5,0.025,2019,arriesgado,0.4459903434648007,0.0,0.188,0.0764,2.4619,0.0316,12,False,12031.72,0.4167,0.0046
hybrid_bl,True,robust_factor_hybrid,1.0,126,21,5,0.025,2019,muy_arriesgado,0.2851060141445921,0.0,0.2566,0.0841,3.0493,0.048,12,False,12158.98,0.25,0.0045
hybrid_bl,True,robust_factor_hybrid,1.0,126,21,5,0.025,2020,muy_conservador,0.5,0.0,-0.0091,0.0,0.0,0.0,12,False,9954.29,0.3333,1.0
hybrid_bl,True,robust_factor_hybrid,1.0,126,21,5,0.025,2020,conservador,0.999990904533432,0.4990894757819538,-0.3353,,0.0,0.1131,2,True,1599.56,1.0,0.0
hybrid_bl,True,robust_factor_hybrid,1.0,126,21,5,0.025,2020,neutro,0.8695432025576443,0.3333249485142696,-0.6484,0.3355,-1.9326,0.2559,3,True,2294.28,1.0,0.0
hybrid_bl,True,robust_factor_hybrid,1.0,126,21,5,0.025,2020,arriesgado,0.5709168615582819,0.0,0.3881,0.2944,1.3184,0.2409,12,False,11062.78,0.5833,0.0012
hybrid_bl,True,robust_factor_hybrid,1.0,126,21,5,0.025,2020,muy_arriesgado,0.5509857175787191,0.0,0.5308,0.2725,1.9481,0.2161,12,False,11828.51,0.5,0.002
hybrid_bl,True,robust_factor_hybrid,1.0,126,21,5,0.025,2021,muy_conservador,0.5,0.0,-0.0091,0.0,0.0,0.0,12,False,9954.29,0.3333,1.0
hybrid_bl,True,robust_factor_hybrid,1.0,126,21,5,0.025,2021,conservador,0.9999999999958556,0.5812485591598301,0.0,,0.0,0.0533,1,True,867.65,1.0,0.0
hybrid_bl,True,robust_factor_hybrid,1.0,126,21,5,0.025,2021,neutro,0.9958602798795578,0.0,0.3929,0.1288,3.0511,0.0533,12,False,12953.57,1.0,0.0
hybrid_bl,True,robust_factor_hybrid,1.0,126,21,5,0.025,2021,arriesgado,0.9474596862231732,0.0,0.2535,0.1385,1.8302,0.0566,12,False,11825.26,0.9167,0.0001
hybrid_bl,True,robust_factor_hybrid,1.0,126,21,5,0.025,2021,muy_arriesgado,0.932270571696998,0.0,0.2992,0.159,1.881,0.0621,12,False,12072.26,0.9167,0.0001
hybrid_bl,True,robust_factor_hybrid,1.0,126,21,5,0.025,2022,muy_conservador,0.5,0.0,-0.0091,0.0,0.0,0.0,12,False,9954.29,0.3333,1.0
hybrid_bl,True,robust_factor_hybrid,1.0,126,21,5,0.025,2022,conservador,0.9962790178198908,0.37846424952014,-0.1468,0.183,-0.802,0.0866,4,True,3211.61,1.0,0.0
hybrid_bl,True,robust_factor_hybrid,1.0,126,21,5,0.025,2022,neutro,0.1899035555970652,0.1743640794824803,-0.2133,0.2029,-1.0514,0.1934,9,True,6895.05,0.2222,0.0037
hybrid_bl,True,robust_factor_hybrid,1.0,126,21,5,0.025,2022,arriesgado,0.209631993516101,0.0,-0.1026,0.1688,-0.6077,0.2209,12,False,8568.77,0.25,0.0065
hybrid_bl,True,robust_factor_hybrid,1.0,126,21,5,0.025,2022,muy_arriesgado,0.2135976061335461,0.0,-0.1343,0.2342,-0.5736,0.308,12,False,7934.06,0.25,0.0061
hybrid_bl,True,robust_factor_hybrid,1.0,126,21,5,0.025,2023,muy_conservador,0.5,0.0,-0.0091,0.0,0.0,0.0,12,False,9954.29,0.3333,1.0
hybrid_bl,True,robust_factor_hybrid,1.0,126,21,5,0.025,2023,conservador,0.9886020293043718,0.1211990769299945,-0.1016,0.0544,-1.8687,0.0543,5,True,4502.57,1.0,0.0
hybrid_bl,True,robust_factor_hybrid,1.0,126,21,5,0.025,2023,neutro,0.5322686893287546,0.0,0.1492,0.1674,0.8912,0.0809,12,False,11238.56,0.5,0.0014
hybrid_bl,True,robust_factor_hybrid,1.0,126,21,5,0.025,2023,arriesgado,0.0498731527548649,0.0,0.1343,0.1377,0.9754,0.0713,12,False,10407.87,0.0833,0.0048
hybrid_bl,True,robust_factor_hybrid,1.0,126,21,5,0.025,2023,muy_arriesgado,0.1365559177916611,0.0,0.2091,0.1611,1.2979,0.0754,12,False,10681.94,0.1667,0.0019
hybrid_bl,True,robust_factor_hybrid,1.0,126,21,5,0.025,2024,muy_conservador,0.5,0.0,-0.0091,0.0,0.0,0.0,12,False,9954.29,0.3333,1.0
hybrid_bl,True,robust_factor_hybrid,1.0,126,21,5,0.025,2024,conservador,0.9999993076254668,0.0,0.2144,0.1184,1.8104,0.0428,12,False,11263.83,1.0,0.0
hybrid_bl,True,robust_factor_hybrid,1.0,126,21,5,0.025,2024,neutro,0.9863453356988586,0.0,0.2144,0.1184,1.8104,0.0428,12,False,11263.83,1.0,0.0
hybrid_bl,True,robust_factor_hybrid,1.0,126,21,5,0.025,2024,arriesgado,0.4830867718620908,0.0,0.2751,0.0904,3.0418,0.0301,12,False,11776.58,0.3333,0.0037
hybrid_bl,True,robust_factor_hybrid,1.0,126,21,5,0.025,2024,muy_arriesgado,0.5962502997659868,0.0,0.2767,0.1102,2.5124,0.0401,12,False,12049.3,0.4167,0.0015
hybrid_bl,True,robust_factor_hybrid,1.0,126,21,5,0.025,2025,muy_conservador,0.5,0.0,-0.0091,0.0,0.0,0.0,12,False,9954.29,0.3333,1.0
hybrid_bl,True,robust_factor_hybrid,1.0,126,21,5,0.025,2025,conservador,0.9792290161047728,0.0,0.2179,0.0754,2.89,0.0324,12,False,11366.0,1.0,0.0
hybrid_bl,True,robust_factor_hybrid,1.0,126,21,5,0.025,2025,neutro,0.6573638403655159,0.0,0.2266,0.0745,3.0428,0.0324,12,False,11389.62,0.6667,0.0011
hybrid_bl,True,robust_factor_hybrid,1.0,126,21,5,0.025,2025,arriesgado,0.675679491304027,0.0,0.2557,0.1014,2.5227,0.0543,12,False,11306.29,0.6667,0.001
hybrid_bl,True,robust_factor_hybrid,1.0,126,21,5,0.025,2025,muy_arriesgado,0.5901755482129076,0.0,0.2216,0.1368,1.6195,0.1057,12,False,11004.95,0.5833,0.0011
hybrid_bl,True,robust_factor_hybrid,1.0,126,21,5,0.05,2019,muy_conservador,0.5,0.0,-0.0091,0.0,0.0,0.0,12,False,9954.29,0.3333,1.0
hybrid_bl,True,robust_factor_hybrid,1.0,126,21,5,0.05,2019,conservador,0.2997955636898816,0.1451718228485861,0.1002,0.158,0.6341,0.0597,5,True,4785.46,0.2,0.0051
hybrid_bl,True,robust_factor_hybrid,1.0,126,21,5,0.05,2019,neutro,0.5707466706387873,0.0,0.139,0.0516,2.696,0.0258,12,False,11168.19,0.5833,0.0027
hybrid_bl,True,robust_factor_hybrid,1.0,126,21,5,0.05,2019,arriesgado,0.5464613943755254,0.0,0.1435,0.0777,1.8466,0.0583,12,False,11980.36,0.5,0.0043
hybrid_bl,True,robust_factor_hybrid,1.0,126,21,5,0.05,2019,muy_arriesgado,0.4551011895436804,0.0,0.1808,0.0715,2.5301,0.0686,12,False,12286.75,0.4167,0.0053
hybrid_bl,True,robust_factor_hybrid,1.0,126,21,5,0.05,2020,muy_conservador,0.5,0.0,-0.0091,0.0,0.0,0.0,12,False,9954.29,0.3333,1.0
hybrid_bl,True,robust_factor_hybrid,1.0,126,21,5,0.05,2020,conservador,0.999990904533432,0.4990894757819538,-0.3353,,0.0,0.1131,2,True,1599.56,1.0,0.0
hybrid_bl,True,robust_factor_hybrid,1.0,126,21,5,0.05,2020,neutro,0.937746645075546,0.3333295176154565,-0.6651,0.3764,-1.7673,0.2638,3,True,2302.25,1.0,0.0
hybrid_bl,True,robust_factor_hybrid,1.0,126,21,5,0.05,2020,arriesgado,0.6400111713874831,0.0,0.4757,0.3071,1.549,0.2465,12,False,11283.07,0.6667,0.0008
hybrid_bl,True,robust_factor_hybrid,1.0,126,21,5,0.05,2020,muy_arriesgado,0.7420625500313959,0.0,0.6361,0.29,2.1933,0.221,12,False,12281.44,0.75,0.0002
hybrid_bl,True,robust_factor_hybrid,1.0,126,21,5,0.05,2021,muy_conservador,0.5,0.0,-0.0091,0.0,0.0,0.0,12,False,9954.29,0.3333,1.0
hybrid_bl,True,robust_factor_hybrid,1.0,126,21,5,0.05,2021,conservador,0.9999999999958556,0.5812485591598301,0.0,,0.0,0.0533,1,True,867.65,1.0,0.0
hybrid_bl,True,robust_factor_hybrid,1.0,126,21,5,0.05,2021,neutro,0.9958602798795578,0.0,0.3929,0.1288,3.0511,0.0533,12,False,12953.57,1.0,0.0
hybrid_bl,True,robust_factor_hybrid,1.0,126,21,5,0.05,2021,arriesgado,0.9686292309432452,0.0,0.2214,0.1602,1.3823,0.0828,12,False,11645.45,0.9167,0.0001
hybrid_bl,True,robust_factor_hybrid,1.0,126,21,5,0.05,2021,muy_arriesgado,0.9659861606273892,0.0,0.2318,0.192,1.2077,0.0944,12,False,11870.6,0.9167,0.0001
hybrid_bl,True,robust_factor_hybrid,1.0,126,21,5,0.05,2022,muy_conservador,0.5,0.0,-0.0091,0.0,0.0,0.0,12,False,9954.29,0.3333,1.0
hybrid_bl,True,robust_factor_hybrid,1.0,126,21,5,0.05,2022,conservador,0.9962790178198908,0.37846424952014,-0.1468,0.183,-0.802,0.0866,4,True,3211.61,1.0,0.0
hybrid_bl,True,robust_factor_hybrid,1.0,126,21,5,0.05,2022,neutro,0.1899035555970652,0.1743640794824803,-0.2133,0.2029,-1.0514,0.1934,9,True,6895.05,0.2222,0.0037
hybrid_bl,True,robust_factor_hybrid,1.0,126,21,5,0.05,2022,arriesgado,0.2408464481200554,0.0,-0.0794,0.174,-0.4561,0.2052,12,False,8781.33,0.25,0.0073
hybrid_bl,True,robust_factor_hybrid,1.0,126,21,5,0.05,2022,muy_arriesgado,0.2472577824551492,0.0,-0.1221,0.2279,-0.5359,0.276,12,False,8215.68,0.25,0.0069
hybrid_bl,True,robust_factor_hybrid,1.0,126,21,5,0.05,2023,muy_conservador,0.5,0.0,-0.0091,0.0,0.0,0.0,12,False,9954.29,0.3333,1.0
hybrid_bl,True,robust_factor_hybrid,1.0,126,21,5,0.05,2023,conservador,0.9886020293043718,0.1211990769299945,-0.1016,0.0544,-1.8687,0.0543,5,True,4502.57,1.0,0.0
hybrid_bl,True,robust_factor_hybrid,1.0,126,21,5,0.05,2023,neutro,0.5322686893287546,0.0,0.1492,0.1674,0.8912,0.0809,12,False,11238.56,0.5,0.0014
hybrid_bl,True,robust_factor_hybrid,1.0,126,21,5,0.05,2023,arriesgado,0.0745383977131977,0.0,0.1725,0.1277,1.3503,0.0576,12,False,10582.45,0.0833,0.0039
hybrid_bl,True,robust_factor_hybrid,1.0,126,21,5,0.05,2023,muy_arriesgado,0.2406046153904021,0.0,0.2366,0.1498,1.5792,0.0816,12,False,10924.36,0.25,0.0014
hybrid_bl,True,robust_factor_hybrid,1.0,126,21,5,0.05,2024,muy_conservador,0.5,0.0,-0.0091,0.0,0.0,0.0,12,False,9954.29,0.3333,1.0
hybrid_bl,True,robust_factor_hybrid,1.0,126,21,5,0.05,2024,conservador,0.9999993076254668,0.0,0.2144,0.1184,1.8104,0.0428,12,False,11263.83,1.0,0.0
hybrid_bl,True,robust_factor_hybrid,1.0,126,21,5,0.05,2024,neutro,0.9863453356988586,0.0,0.2144,0.1184,1.8104,0.0428,12,False,11263.83,1.0,0.0
hybrid_bl,True,robust_factor_hybrid,1.0,126,21,5,0.05,2024,arriesgado,0.6273803019285177,0.0,0.2702,0.1022,2.6429,0.0379,12,False,11798.84,0.6667,0.0005
hybrid_bl,True,robust_factor_hybrid,1.0,126,21,5,0.05,2024,muy_arriesgado,0.7338943971464817,0.0,0.2943,0.1391,2.1159,0.0482,12,False,12215.71,0.6667,0.0005
hybrid_bl,True,robust_factor_hybrid,1.0,126,21,5,0.05,2025,muy_conservador,0.5,0.0,-0.0091,0.0,0.0,0.0,12,False,9954.29,0.3333,1.0
hybrid_bl,True,robust_factor_hybrid,1.0,126,21,5,0.05,2025,conservador,0.9792290161047728,0.0,0.2179,0.0754,2.89,0.0324,12,False,11366.0,1.0,0.0
hybrid_bl,True,robust_factor_hybrid,1.0,126,21,5,0.05,2025,neutro,0.5041747260098487,0.0,0.23,0.0742,3.0995,0.0324,12,False,11392.52,0.5,0.0016
hybrid_bl,True,robust_factor_hybrid,1.0,126,21,5,0.05,2025,arriesgado,0.7825455322658156,0.0,0.1387,0.1101,1.2597,0.0827,12,False,10739.5,0.8333,0.0003
hybrid_bl,True,robust_factor_hybrid,1.0,126,21,5,0.05,2025,muy_arriesgado,0.7191736970756609,0.0,0.2865,0.1583,1.8099,0.1056,12,False,11364.69,0.6667,0.0011
hybrid_bl,True,robust_factor_hybrid,1.0,126,21,5,0.1,2019,muy_conservador,0.5,0.0,-0.0091,0.0,0.0,0.0,12,False,9954.29,0.3333,1.0
hybrid_bl,True,robust_factor_hybrid,1.0,126,21,5,0.1,2019,conservador,0.2997955636898816,0.1451718228485861,0.1002,0.158,0.6341,0.0597,5,True,4785.46,0.2,0.0051
hybrid_bl,True,robust_factor_hybrid,1.0,126,21,5,0.1,2019,neutro,0.5747409897302757,0.0,0.1368,0.0513,2.6661,0.0257,12,False,11139.27,0.5833,0.0027
hybrid_bl,True,robust_factor_hybrid,1.0,126,21,5,0.1,2019,arriesgado,0.5710037657093829,0.0,0.0922,0.0842,1.0955,0.0607,12,False,11517.73,0.5,0.0037
hybrid_bl,True,robust_factor_hybrid,1.0,126,21,5,0.1,2019,muy_arriesgado,0.4905289774346974,0.0,0.1192,0.095,1.2549,0.0929,12,False,11905.68,0.5,0.0045
hybrid_bl,True,robust_factor_hybrid,1.0,126,21,5,0.1,2020,muy_conservador,0.5,0.0,-0.0091,0.0,0.0,0.0,12,False,9954.29,0.3333,1.0
hybrid_bl,True,robust_factor_hybrid,1.0,126,21,5,0.1,2020,conservador,0.999990904533432,0.4990894757819538,-0.3353,,0.0,0.1131,2,True,1599.56,1.0,0.0
hybrid_bl,True,robust_factor_hybrid,1.0,126,21,5,0.1,2020,neutro,0.941521840003742,0.3333290466800673,-0.6627,0.3773,-1.7564,0.2626,3,True,2304.9,1.0,0.0
hybrid_bl,True,robust_factor_hybrid,1.0,126,21,5,0.1,2020,arriesgado,0.6793166451817488,0.0,0.54,0.3422,1.5784,0.2506,12,False,11712.04,0.6667,0.0008
hybrid_bl,True,robust_factor_hybrid,1.0,126,21,5,0.1,2020,muy_arriesgado,0.79827200487823,0.0,0.5305,0.2975,1.783,0.2405,12,False,11816.96,0.8333,0.0
hybrid_bl,True,robust_factor_hybrid,1.0,126,21,5,0.1,2021,muy_conservador,0.5,0.0,-0.0091,0.0,0.0,0.0,12,False,9954.29,0.3333,1.0
hybrid_bl,True,robust_factor_hybrid,1.0,126,21,5,0.1,2021,conservador,0.9999999999958556,0.5812485591598301,0.0,,0.0,0.0533,1,True,867.65,1.0,0.0
hybrid_bl,True,robust_factor_hybrid,1.0,126,21,5,0.1,2021,neutro,0.9958602798795578,0.0,0.3929,0.1288,3.0511,0.0533,12,False,12953.57,1.0,0.0
hybrid_bl,True,robust_factor_hybrid,1.0,126,21,5,0.1,2021,arriesgado,0.975251337066306,0.0,0.2178,0.1559,1.3968,0.0849,12,False,11594.64,0.9167,0.0001
hybrid_bl,True,robust_factor_hybrid,1.0,126,21,5,0.1,2021,muy_arriesgado,0.9818610832881364,0.0,0.1659,0.2012,0.8247,0.1115,12,False,11704.28,1.0,0.0
hybrid_bl,True,robust_factor_hybrid,1.0,126,21,5,0.1,2022,muy_conservador,0.5,0.0,-0.0091,0.0,0.0,0.0,12,False,9954.29,0.3333,1.0
hybrid_bl,True,robust_factor_hybrid,1.0,126,21,5,0.1,2022,conservador,0.9962790178198908,0.37846424952014,-0.1468,0.183,-0.802,0.0866,4,True,3211.61,1.0,0.0
hybrid_bl,True,robust_factor_hybrid,1.0,126,21,5,0.1,2022,neutro,0.1899035555970652,0.1743640794824803,-0.2133,0.2029,-1.0514,0.1934,9,True,6895.05,0.2222,0.0037
hybrid_bl,True,robust_factor_hybrid,1.0,126,21,5,0.1,2022,arriesgado,0.2465271861956572,0.0,-0.0885,0.1708,-0.518,0.2187,12,False,8690.45,0.25,0.0082
hybrid_bl,True,robust_factor_hybrid,1.0,126,21,5,0.1,2022,muy_arriesgado,0.2498206030486783,0.0,-0.1352,0.2222,-0.6086,0.2894,12,False,8110.2,0.25,0.0075
hybrid_bl,True,robust_factor_hybrid,1.0,126,21,5,0.1,2023,muy_conservador,0.5,0.0,-0.0091,0.0,0.0,0.0,12,False,9954.29,0.3333,1.0
hybrid_bl,True,robust_factor_hybrid,1.0,126,21,5,0.1,2023,conservador,0.9886020293043718,0.1211990769299945,-0.1016,0.0544,-1.8687,0.0543,5,True,4502.57,1.0,0.0
hybrid_bl,True,robust_factor_hybrid,1.0,126,21,5,0.1,2023,neutro,0.5322686893287546,0.0,0.1492,0.1674,0.8912,0.0809,12,False,11238.56,0.5,0.0014
hybrid_bl,True,robust_factor_hybrid,1.0,126,21,5,0.1,2023,arriesgado,0.0766712694525723,0.0,0.1943,0.1265,1.5359,0.0539,12,False,10579.41,0.0833,0.0038
hybrid_bl,True,robust_factor_hybrid,1.0,126,21,5,0.1,2023,muy_arriesgado,0.2797444195517074,0.0,0.2167,0.1275,1.6996,0.0774,12,False,11265.46,0.3333,0.001
hybrid_bl,True,robust_factor_hybrid,1.0,126,21,5,0.1,2024,muy_conservador,0.5,0.0,-0.0091,0.0,0.0,0.0,12,False,9954.29,0.3333,1.0
hybrid_bl,True,robust_factor_hybrid,1.0,126,21,5,0.1,2024,conservador,0.9999993076254668,0.0,0.2144,0.1184,1.8104,0.0428,12,False,11263.83,1.0,0.0
hybrid_bl,True,robust_factor_hybrid,1.0,126,21,5,0.1,2024,neutro,0.9863453356988586,0.0,0.2144,0.1184,1.8104,0.0428,12,False,11263.83,1.0,0.0
hybrid_bl,True,robust_factor_hybrid,1.0,126,21,5,0.1,2024,arriesgado,0.6667425750477579,0.0,0.2876,0.1023,2.8121,0.0434,12,False,12036.42,0.6667,0.0005
hybrid_bl,True,robust_factor_hybrid,1.0,126,21,5,0.1,2024,muy_arriesgado,0.8095304274905768,0.0,0.3202,0.1319,2.428,0.0553,12,False,12581.82,0.75,0.0003
hybrid_bl,True,robust_factor_hybrid,1.0,126,21,5,0.1,2025,muy_conservador,0.5,0.0,-0.0091,0.0,0.0,0.0,12,False,9954.29,0.3333,1.0
hybrid_bl,True,robust_factor_hybrid,1.0,126,21,5,0.1,2025,conservador,0.9792290161047728,0.0,0.2179,0.0754,2.89,0.0324,12,False,11366.0,1.0,0.0
hybrid_bl,True,robust_factor_hybrid,1.0,126,21,5,0.1,2025,neutro,0.5054871487926963,0.0,0.23,0.0742,3.0995,0.0324,12,False,11392.52,0.5,0.0016
hybrid_bl,True,robust_factor_hybrid,1.0,126,21,5,0.1,2025,arriesgado,0.8458902906490078,0.0,0.1157,0.1239,0.934,0.0907,12,False,10687.82,0.8333,0.0003
hybrid_bl,True,robust_factor_hybrid,1.0,126,21,5,0.1,2025,muy_arriesgado,0.7476451262790361,0.0,0.2332,0.1532,1.5225,0.1088,12,False,11305.02,0.6667,0.0011
hybrid_bl,True,robust_factor_hybrid,1.0,126,21,5,0.15,2019,muy_conservador,0.5,0.0,-0.0091,0.0,0.0,0.0,12,False,9954.29,0.3333,1.0
hybrid_bl,True,robust_factor_hybrid,1.0,126,21,5,0.15,2019,conservador,0.2997955636898816,0.1451718228485861,0.1002,0.158,0.6341,0.0597,5,True,4785.46,0.2,0.0051
hybrid_bl,True,robust_factor_hybrid,1.0,126,21,5,0.15,2019,neutro,0.5747429784252615,0.0,0.1365,0.0511,2.674,0.0256,12,False,11137.53,0.5833,0.0027
hybrid_bl,True,robust_factor_hybrid,1.0,126,21,5,0.15,2019,arriesgado,0.5807490114078484,0.0,0.0967,0.0979,0.9879,0.0618,12,False,11578.78,0.5833,0.0027
hybrid_bl,True,robust_factor_hybrid,1.0,126,21,5,0.15,2019,muy_arriesgado,0.4954901585627888,0.0,0.0881,0.0981,0.8985,0.0965,12,False,11628.32,0.5,0.0046
hybrid_bl,True,robust_factor_hybrid,1.0,126,21,5,0.15,2020,muy_conservador,0.5,0.0,-0.0091,0.0,0.0,0.0,12,False,9954.29,0.3333,1.0
hybrid_bl,True,robust_factor_hybrid,1.0,126,21,5,0.15,2020,conservador,0.999990904533432,0.4990894757819538,-0.3353,,0.0,0.1131,2,True,1599.56,1.0,0.0
hybrid_bl,True,robust_factor_hybrid,1.0,126,21,5,0.15,2020,neutro,0.9416723187011832,0.3333291338654615,-0.6631,0.3773,-1.7574,0.2628,3,True,2304.78,1.0,0.0
hybrid_bl,True,robust_factor_hybrid,1.0,126,21,5,0.15,2020,arriesgado,0.6810171090738426,0.0,0.5098,0.3361,1.5168,0.2516,12,False,11587.99,0.6667,0.0007
hybrid_bl,True,robust_factor_hybrid,1.0,126,21,5,0.15,2020,muy_arriesgado,0.8021229126375755,0.0,0.5577,0.3075,1.8136,0.2456,12,False,12060.97,0.8333,0.0
hybrid_bl,True,robust_factor_hybrid,1.0,126,21,5,0.15,2021,muy_conservador,0.5,0.0,-0.0091,0.0,0.0,0.0,12,False,9954.29,0.3333,1.0
hybrid_bl,True,robust_factor_hybrid,1.0,126,21,5,0.15,2021,conservador,0.9999999999958556,0.5812485591598301,0.0,,0.0,0.0533,1,True,867.65,1.0,0.0
hybrid_bl,True,robust_factor_hybrid,1.0,126,21,5,0.15,2021,neutro,0.9958602798795578,0.0,0.3929,0.1288,3.0511,0.0533,12,False,12953.57,1.0,0.0
hybrid_bl,True,robust_factor_hybrid,1.0,126,21,5,0.15,2021,arriesgado,0.9752837315156396,0.0,0.2198,0.1555,1.4132,0.0849,12,False,11598.46,0.9167,0.0001
hybrid_bl,True,robust_factor_hybrid,1.0,126,21,5,0.15,2021,muy_arriesgado,0.9867424661425442,0.0,0.163,0.1964,0.8302,0.1107,12,False,11680.91,1.0,0.0
hybrid_bl,True,robust_factor_hybrid,1.0,126,21,5,0.15,2022,muy_conservador,0.5,0.0,-0.0091,0.0,0.0,0.0,12,False,9954.29,0.3333,1.0
hybrid_bl,True,robust_factor_hybrid,1.0,126,21,5,0.15,2022,conservador,0.9962790178198908,0.37846424952014,-0.1468,0.183,-0.802,0.0866,4,True,3211.61,1.0,0.0
hybrid_bl,True,robust_factor_hybrid,1.0,126,21,5,0.15,2022,neutro,0.1899035555970652,0.1743640794824803,-0.2133,0.2029,-1.0514,0.1934,9,True,6895.05,0.2222,0.0037
hybrid_bl,True,robust_factor_hybrid,1.0,126,21,5,0.15,2022,arriesgado,0.2468959047599236,0.0,-0.0999,0.1733,-0.5764,0.2313,12,False,8621.16,0.25,0.0083
hybrid_bl,True,robust_factor_hybrid,1.0,126,21,5,0.15,2022,muy_arriesgado,0.2501604690182355,0.0,-0.1462,0.2259,-0.6475,0.3027,12,False,8029.02,0.25,0.0078
hybrid_bl,True,robust_factor_hybrid,1.0,126,21,5,0.15,2023,muy_conservador,0.5,0.0,-0.0091,0.0,0.0,0.0,12,False,9954.29,0.3333,1.0
hybrid_bl,True,robust_factor_hybrid,1.0,126,21,5,0.15,2023,conservador,0.9886020293043718,0.1211990769299945,-0.1016,0.0544,-1.8687,0.0543,5,True,4502.57,1.0,0.0
hybrid_bl,True,robust_factor_hybrid,1.0,126,21,5,0.15,2023,neutro,0.5322686893287546,0.0,0.1492,0.1674,0.8912,0.0809,12,False,11238.56,0.5,0.0014
hybrid_bl,True,robust_factor_hybrid,1.0,126,21,5,0.15,2023,arriesgado,0.0773264106481697,0.0,0.1953,0.1264,1.5446,0.0539,12,False,10586.18,0.0833,0.0038
hybrid_bl,True,robust_factor_hybrid,1.0,126,21,5,0.15,2023,muy_arriesgado,0.2881947890884236,0.0,0.2229,0.1322,1.6861,0.0795,12,False,11210.68,0.3333,0.0009
hybrid_bl,True,robust_factor_hybrid,1.0,126,21,5,0.15,2024,muy_conservador,0.5,0.0,-0.0091,0.0,0.0,0.0,12,False,9954.29,0.3333,1.0
hybrid_bl,True,robust_factor_hybrid,1.0,126,21,5,0.15,2024,conservador,0.9999993076254668,0.0,0.2144,0.1184,1.8104,0.0428,12,False,11263.83,1.0,0.0
hybrid_bl,True,robust_factor_hybrid,1.0,126,21,5,0.15,2024,neutro,0.9863453356988586,0.0,0.2144,0.1184,1.8104,0.0428,12,False,11263.83,1.0,0.0
hybrid_bl,True,robust_factor_hybrid,1.0,126,21,5,0.15,2024,arriesgado,0.6688761748379748,0.0,0.2856,0.1023,2.7922,0.0442,12,False,12040.41,0.6667,0.0005
hybrid_bl,True,robust_factor_hybrid,1.0,126,21,5,0.15,2024,muy_arriesgado,0.8259950719354582,0.0,0.3349,0.1333,2.5126,0.0588,12,False,12741.28,0.75,0.0003
hybrid_bl,True,robust_factor_hybrid,1.0,126,21,5,0.15,2025,muy_conservador,0.5,0.0,-0.0091,0.0,0.0,0.0,12,False,9954.29,0.3333,1.0
hybrid_bl,True,robust_factor_hybrid,1.0,126,21,5,0.15,2025,conservador,0.9792290161047728,0.0,0.2179,0.0754,2.89,0.0324,12,False,11366.0,1.0,0.0
hybrid_bl,True,robust_factor_hybrid,1.0,126,21,5,0.15,2025,neutro,0.5054925187074052,0.0,0.23,0.0742,3.0995,0.0324,12,False,11392.52,0.5,0.0016
hybrid_bl,True,robust_factor_hybrid,1.0,126,21,5,0.15,2025,arriesgado,0.8635268963027499,0.0,0.1273,0.1273,1.0002,0.0908,12,False,10770.13,0.9167,0.0001
hybrid_bl,True,robust_factor_hybrid,1.0,126,21,5,0.15,2025,muy_arriesgado,0.7616525117417036,0.0,0.2448,0.1542,1.5868,0.1074,12,False,11376.78,0.6667,0.001
hybrid_bl,True,robust_factor_hybrid,1.0,126,21,5,0.2,2019,muy_conservador,0.5,0.0,-0.0091,0.0,0.0,0.0,12,False,9954.29,0.3333,1.0
hybrid_bl,True,robust_factor_hybrid,1.0,126,21,5,0.2,2019,conservador,0.2997955636898816,0.1451718228485861,0.1002,0.158,0.6341,0.0597,5,True,4785.46,0.2,0.0051
hybrid_bl,True,robust_factor_hybrid,1.0,126,21,5,0.2,2019,neutro,0.5746347920823633,0.0,0.1363,0.0511,2.6651,0.0256,12,False,11138.93,0.5833,0.0027
hybrid_bl,True,robust_factor_hybrid,1.0,126,21,5,0.2,2019,arriesgado,0.5845027377470705,0.0,0.0897,0.0999,0.8975,0.0606,12,False,11522.11,0.5833,0.0028
hybrid_bl,True,robust_factor_hybrid,1.0,126,21,5,0.2,2019,muy_arriesgado,0.4970280663345296,0.0,0.0767,0.1061,0.7234,0.1017,12,False,11563.95,0.5,0.0045
hybrid_bl,True,robust_factor_hybrid,1.0,126,21,5,0.2,2020,muy_conservador,0.5,0.0,-0.0091,0.0,0.0,0.0,12,False,9954.29,0.3333,1.0
hybrid_bl,True,robust_factor_hybrid,1.0,126,21,5,0.2,2020,conservador,0.999990904533432,0.4990894757819538,-0.3353,,0.0,0.1131,2,True,1599.56,1.0,0.0
hybrid_bl,True,robust_factor_hybrid,1.0,126,21,5,0.2,2020,neutro,0.9416564258718064,0.3333292429657735,-0.6636,0.3785,-1.7533,0.2631,3,True,2304.7,1.0,0.0
hybrid_bl,True,robust_factor_hybrid,1.0,126,21,5,0.2,2020,arriesgado,0.6810603567614496,0.0,0.5106,0.3363,1.5181,0.2517,12,False,11582.94,0.6667,0.0006
hybrid_bl,True,robust_factor_hybrid,1.0,126,21,5,0.2,2020,muy_arriesgado,0.8021300609949504,0.0,0.5426,0.3094,1.7537,0.2476,12,False,12004.2,0.8333,0.0
hybrid_bl,True,robust_factor_hybrid,1.0,126,21,5,0.2,2021,muy_conservador,0.5,0.0,-0.0091,0.0,0.0,0.0,12,False,9954.29,0.3333,1.0
hybrid_bl,True,robust_factor_hybrid,1.0,126,21,5,0.2,2021,conservador,0.9999999999958556,0.5812485591598301,0.0,,0.0,0.0533,1,True,867.65,1.0,0.0
hybrid_bl,True,robust_factor_hybrid,1.0,126,21,5,0.2,2021,neutro,0.9958602798795578,0.0,0.3929,0.1288,3.0511,0.0533,12,False,12953.57,1.0,0.0
hybrid_bl,True,robust_factor_hybrid,1.0,126,21,5,0.2,2021,arriesgado,0.9752517441720128,0.0,0.2193,0.1557,1.4088,0.0854,12,False,11594.95,0.9167,0.0001
hybrid_bl,True,robust_factor_hybrid,1.0,126,21,5,0.2,2021,muy_arriesgado,0.9870989695838968,0.0,0.1659,0.1966,0.844,0.111,12,False,11685.38,1.0,0.0
hybrid_bl,True,robust_factor_hybrid,1.0,126,21,5,0.2,2022,muy_conservador,0.5,0.0,-0.0091,0.0,0.0,0.0,12,False,9954.29,0.3333,1.0
hybrid_bl,True,robust_factor_hybrid,1.0,126,21,5,0.2,2022,conservador,0.9962790178198908,0.37846424952014,-0.1468,0.183,-0.802,0.0866,4,True,3211.61,1.0,0.0
hybrid_bl,True,robust_factor_hybrid,1.0,126,21,5,0.2,2022,neutro,0.1899035555970652,0.1743640794824803,-0.2133,0.2029,-1.0514,0.1934,9,True,6895.05,0.2222,0.0037
hybrid_bl,True,robust_factor_hybrid,1.0,126,21,5,0.2,2022,arriesgado,0.2468898277529509,0.0,-0.1001,0.1734,-0.5772,0.2312,12,False,8615.44,0.25,0.0083
hybrid_bl,True,robust_factor_hybrid,1.0,126,21,5,0.2,2022,muy_arriesgado,0.2502135914893098,0.0,-0.1507,0.2276,-0.6619,0.3064,12,False,8004.13,0.25,0.0078
hybrid_bl,True,robust_factor_hybrid,1.0,126,21,5,0.2,2023,muy_conservador,0.5,0.0,-0.0091,0.0,0.0,0.0,12,False,9954.29,0.3333,1.0
hybrid_bl,True,robust_factor_hybrid,1.0,126,21,5,0.2,2023,conservador,0.9886020293043718,0.1211990769299945,-0.1016,0.0544,-1.8687,0.0543,5,True,4502.57,1.0,0.0
hybrid_bl,True,robust_factor_hybrid,1.0,126,21,5,0.2,2023,neutro,0.5322686893287546,0.0,0.1492,0.1674,0.8912,0.0809,12,False,11238.56,0.5,0.0014
hybrid_bl,True,robust_factor_hybrid,1.0,126,21,5,0.2,2023,arriesgado,0.0773490202694221,0.0,0.1942,0.1265,1.5354,0.0539,12,False,10579.8,0.0833,0.0038
hybrid_bl,True,robust_factor_hybrid,1.0,126,21,5,0.2,2023,muy_arriesgado,0.2906238042521316,0.0,0.2361,0.1351,1.7471,0.0797,12,False,11230.65,0.3333,0.0009
hybrid_bl,True,robust_factor_hybrid,1.0,126,21,5,0.2,2024,muy_conservador,0.5,0.0,-0.0091,0.0,0.0,0.0,12,False,9954.29,0.3333,1.0
hybrid_bl,True,robust_factor_hybrid,1.0,126,21,5,0.2,2024,conservador,0.9999993076254668,0.0,0.2144,0.1184,1.8104,0.0428,12,False,11263.83,1.0,0.0
hybrid_bl,True,robust_factor_hybrid,1.0,126,21,5,0.2,2024,neutro,0.9863453356988586,0.0,0.2144,0.1184,1.8104,0.0428,12,False,11263.83,1.0,0.0
hybrid_bl,True,robust_factor_hybrid,1.0,126,21,5,0.2,2024,arriesgado,0.6688287957915184,0.0,0.2859,0.1019,2.8042,0.0443,12,False,12040.28,0.6667,0.0005
hybrid_bl,True,robust_factor_hybrid,1.0,126,21,5,0.2,2024,muy_arriesgado,0.8285460114750701,0.0,0.3255,0.1326,2.4543,0.0609,12,False,12717.93,0.75,0.0003
hybrid_bl,True,robust_factor_hybrid,1.0,126,21,5,0.2,2025,muy_conservador,0.5,0.0,-0.0091,0.0,0.0,0.0,12,False,9954.29,0.3333,1.0
hybrid_bl,True,robust_factor_hybrid,1.0,126,21,5,0.2,2025,conservador,0.9792290161047728,0.0,0.2179,0.0754,2.89,0.0324,12,False,11366.0,1.0,0.0
hybrid_bl,True,robust_factor_hybrid,1.0,126,21,5,0.2,2025,neutro,0.5054999861472694,0.0,0.23,0.0742,3.0995,0.0324,12,False,11392.52,0.5,0.0016
hybrid_bl,True,robust_factor_hybrid,1.0,126,21,5,0.2,2025,arriesgado,0.8694221049129734,0.0,0.1281,0.1281,1.0,0.0907,12,False,10791.06,0.9167,0.0001
hybrid_bl,True,robust_factor_hybrid,1.0,126,21,5,0.2,2025,muy_arriesgado,0.7679565668700749,0.0,0.2586,0.1608,1.6079,0.108,12,False,11474.6,0.6667,0.0009
sin_bl,False,robust_factor_hybrid,1.0,126,21,5,0.01,2019,muy_conservador,0.5,0.0,-0.0091,0.0,0.0,0.0,12,False,9954.29,0.3333,1.0
sin_bl,False,robust_factor_hybrid,1.0,126,21,5,0.01,2019,conservador,0.999928891311728,0.1294999308504578,0.103,0.1563,0.6592,0.0561,5,True,4785.86,1.0,0.0
sin_bl,False,robust_factor_hybrid,1.0,126,21,5,0.01,2019,neutro,0.4798066954250449,0.0,0.224,0.0643,3.4817,0.022,12,False,11661.48,0.3333,0.0029
sin_bl,False,robust_factor_hybrid,1.0,126,21,5,0.01,2019,arriesgado,0.8405699888747943,0.0,0.2992,0.105,2.8494,0.0459,12,False,12659.07,0.75,0.0006
sin_bl,False,robust_factor_hybrid,1.0,126,21,5,0.01,2019,muy_arriesgado,0.0005052016954283,0.0,0.3275,0.1235,2.6518,0.0513,12,False,12765.13,0.0,0.01
sin_bl,False,robust_factor_hybrid,1.0,126,21,5,0.01,2020,muy_conservador,0.5,0.0,-0.0091,0.0,0.0,0.0,12,False,9954.29,0.3333,1.0
sin_bl,False,robust_factor_hybrid,1.0,126,21,5,0.01,2020,conservador,0.999988562146125,0.4990894757819538,-0.3353,,0.0,0.1131,2,True,1599.56,1.0,0.0
sin_bl,False,robust_factor_hybrid,1.0,126,21,5,0.01,2020,neutro,0.4524485535153436,0.3333306155550112,-0.6452,0.2648,-2.4365,0.2672,3,True,2237.81,0.3333,0.0023
sin_bl,False,robust_factor_hybrid,1.0,126,21,5,0.01,2020,arriesgado,0.6304654893169026,0.0,0.299,0.2593,1.1533,0.2339,12,False,10824.02,0.5,0.0013
sin_bl,False,robust_factor_hybrid,1.0,126,21,5,0.01,2020,muy_arriesgado,0.1781906534206703,0.0,0.3506,0.2758,1.2708,0.2313,12,False,10975.79,0.0833,0.0039
sin_bl,False,robust_factor_hybrid,1.0,126,21,5,0.01,2021,muy_conservador,0.5,0.0,-0.0091,0.0,0.0,0.0,12,False,9954.29,0.3333,1.0
sin_bl,False,robust_factor_hybrid,1.0,126,21,5,0.01,2021,conservador,0.999999932498507,0.5812485591598301,0.0,,0.0,0.0533,1,True,867.65,1.0,0.0
sin_bl,False,robust_factor_hybrid,1.0,126,21,5,0.01,2021,neutro,0.999827491216156,0.0,0.3929,0.1288,3.0511,0.0533,12,False,12953.57,1.0,0.0
sin_bl,False,robust_factor_hybrid,1.0,126,21,5,0.01,2021,arriesgado,0.9982092284653032,0.0,0.3955,0.1424,2.7783,0.0619,12,False,12513.7,1.0,0.0
sin_bl,False,robust_factor_hybrid,1.0,126,21,5,0.01,2021,muy_arriesgado,0.9939832469918688,0.0,0.3939,0.1663,2.3689,0.0748,12,False,12581.83,1.0,0.0
sin_bl,False,robust_factor_hybrid,1.0,126,21,5,0.01,2022,muy_conservador,0.5,0.0,-0.0091,0.0,0.0,0.0,12,False,9954.29,0.3333,1.0
sin_bl,False,robust_factor_hybrid,1.0,126,21,5,0.01,2022,conservador,0.9999999892624688,0.37846424952014,-0.1468,0.183,-0.802,0.0866,4,True,3211.61,1.0,0.0
sin_bl,False,robust_factor_hybrid,1.0,126,21,5,0.01,2022,neutro,0.9955522147342136,0.1750483565212424,-0.2174,0.2073,-1.0486,0.1958,9,True,6889.2,1.0,0.0
sin_bl,False,robust_factor_hybrid,1.0,126,21,5,0.01,2022,arriesgado,0.4726010562726166,0.0,-0.1554,0.1749,-0.8884,0.2454,12,False,8406.37,0.5,0.0034
sin_bl,False,robust_factor_hybrid,1.0,126,21,5,0.01,2022,muy_arriesgado,0.3349303435263105,0.0,-0.2017,0.2434,-0.8287,0.3147,12,False,7852.54,0.4167,0.0033
sin_bl,False,robust_factor_hybrid,1.0,126,21,5,0.01,2023,muy_conservador,0.5,0.0,-0.0091,0.0,0.0,0.0,12,False,9954.29,0.3333,1.0
sin_bl,False,robust_factor_hybrid,1.0,126,21,5,0.01,2023,conservador,0.999997369969558,0.1211990769299945,-0.1016,0.0544,-1.8687,0.0543,5,True,4502.57,1.0,0.0
sin_bl,False,robust_factor_hybrid,1.0,126,21,5,0.01,2023,neutro,0.9526550822284132,0.0,0.1547,0.1658,0.9333,0.0811,12,False,11294.2,1.0,0.0
sin_bl,False,robust_factor_hybrid,1.0,126,21,5,0.01,2023,arriesgado,0.0013040159587289,0.0,0.08,0.1109,0.7213,0.0589,12,False,10662.64,0.0,0.012
sin_bl,False,robust_factor_hybrid,1.0,126,21,5,0.01,2023,muy_arriesgado,0.0005767307380163,0.0,0.2094,0.1397,1.4991,0.0575,12,False,11653.48,0.0,0.0081
sin_bl,False,robust_factor_hybrid,1.0,126,21,5,0.01,2024,muy_conservador,0.5,0.0,-0.0091,0.0,0.0,0.0,12,False,9954.29,0.3333,1.0
sin_bl,False,robust_factor_hybrid,1.0,126,21,5,0.01,2024,conservador,0.9999999045761112,0.0,0.2144,0.1184,1.8104,0.0428,12,False,11263.83,1.0,0.0
sin_bl,False,robust_factor_hybrid,1.0,126,21,5,0.01,2024,neutro,0.997907242678573,0.0,0.2144,0.1184,1.8104,0.0428,12,False,11263.83,1.0,0.0
sin_bl,False,robust_factor_hybrid,1.0,126,21,5,0.01,2024,arriesgado,0.0439990939126303,0.0,0.1859,0.092,2.022,0.0311,12,False,11165.49,0.0,0.0115
sin_bl,False,robust_factor_hybrid,1.0,126,21,5,0.01,2024,muy_arriesgado,0.0639988969971252,0.0,0.2035,0.1264,1.6098,0.0531,12,False,11504.09,0.0,0.0078
sin_bl,False,robust_factor_hybrid,1.0,126,21,5,0.01,2025,muy_conservador,0.5,0.0,-0.0091,0.0,0.0,0.0,12,False,9954.29,0.3333,1.0
sin_bl,False,robust_factor_hybrid,1.0,126,21,5,0.01,2025,conservador,0.9999999514220028,0.0,0.2179,0.0754,2.89,0.0324,12,False,11366.0,1.0,0.0
sin_bl,False,robust_factor_hybrid,1.0,126,21,5,0.01,2025,neutro,0.9989333087489682,0.0,0.2179,0.0754,2.89,0.0324,12,False,11366.0,1.0,0.0
sin_bl,False,robust_factor_hybrid,1.0,126,21,5,0.01,2025,arriesgado,0.7691292621492575,0.0,0.167,0.0737,2.2656,0.0289,12,False,11158.53,0.8333,0.0004
sin_bl,False,robust_factor_hybrid,1.0,126,21,5,0.01,2025,muy_arriesgado,0.5718428269996872,0.0,0.2209,0.0891,2.4787,0.041,12,False,11450.95,0.6667,0.0005
sin_bl,False,robust_factor_hybrid,1.0,126,21,5,0.025,2019,muy_conservador,0.5,0.0,-0.0091,0.0,0.0,0.0,12,False,9954.29,0.3333,1.0
sin_bl,False,robust_factor_hybrid,1.0,126,21,5,0.025,2019,conservador,0.999928891311728,0.1294999308504578,0.103,0.1563,0.6592,0.0561,5,True,4785.86,1.0,0.0
sin_bl,False,robust_factor_hybrid,1.0,126,21,5,0.025,2019,neutro,0.9999107663481236,0.0,0.1915,0.0557,3.4414,0.015,12,False,11312.36,1.0,0.0
sin_bl,False,robust_factor_hybrid,1.0,126,21,5,0.025,2019,arriesgado,0.9999987019181183,0.0,0.327,0.1169,2.7969,0.039,12,False,12647.34,1.0,0.0
sin_bl,False,robust_factor_hybrid,1.0,126,21,5,0.025,2019,muy_arriesgado,0.996547279283034,0.0,0.3955,0.137,2.886,0.0587,12,False,13213.71,1.0,0.0
sin_bl,False,robust_factor_hybrid,1.0,126,21,5,0.025,2020,muy_conservador,0.5,0.0,-0.0091,0.0,0.0,0.0,12,False,9954.29,0.3333,1.0
sin_bl,False,robust_factor_hybrid,1.0,126,21,5,0.025,2020,conservador,0.999988562146125,0.4990894757819538,-0.3353,,0.0,0.1131,2,True,1599.56,1.0,0.0
sin_bl,False,robust_factor_hybrid,1.0,126,21,5,0.025,2020,neutro,0.9998127352465273,0.333311311319259,-0.6272,0.3264,-1.9217,0.2462,3,True,2324.97,1.0,0.0
sin_bl,False,robust_factor_hybrid,1.0,126,21,5,0.025,2020,arriesgado,0.9998299048305436,0.0,0.3883,0.2544,1.5264,0.2056,12,False,11169.43,1.0,0.0
sin_bl,False,robust_factor_hybrid,1.0,126,21,5,0.025,2020,muy_arriesgado,0.9998221286993898,0.0,0.6024,0.2941,2.048,0.2037,12,False,12152.49,1.0,0.0
sin_bl,False,robust_factor_hybrid,1.0,126,21,5,0.025,2021,muy_conservador,0.5,0.0,-0.0091,0.0,0.0,0.0,12,False,9954.29,0.3333,1.0
sin_bl,False,robust_factor_hybrid,1.0,126,21,5,0.025,2021,conservador,0.999999932498507,0.5812485591598301,0.0,,0.0,0.0533,1,True,867.65,1.0,0.0
sin_bl,False,robust_factor_hybrid,1.0,126,21,5,0.025,2021,neutro,0.999827491216156,0.0,0.3929,0.1288,3.0511,0.0533,12,False,12953.57,1.0,0.0
sin_bl,False,robust_factor_hybrid,1.0,126,21,5,0.025,2021,arriesgado,0.9999999528447662,0.0,0.3343,0.1755,1.905,0.0662,12,False,12298.94,1.0,0.0
sin_bl,False,robust_factor_hybrid,1.0,126,21,5,0.025,2021,muy_arriesgado,0.999999999266482,0.0,0.3415,0.2314,1.4758,0.0948,12,False,12724.14,1.0,0.0
sin_bl,False,robust_factor_hybrid,1.0,126,21,5,0.025,2022,muy_conservador,0.5,0.0,-0.0091,0.0,0.0,0.0,12,False,9954.29,0.3333,1.0
sin_bl,False,robust_factor_hybrid,1.0,126,21,5,0.025,2022,conservador,0.9999999892624688,0.37846424952014,-0.1468,0.183,-0.802,0.0866,4,True,3211.61,1.0,0.0
sin_bl,False,robust_factor_hybrid,1.0,126,21,5,0.025,2022,neutro,0.9955522147342136,0.1750483565212424,-0.2174,0.2073,-1.0486,0.1958,9,True,6889.2,1.0,0.0
sin_bl,False,robust_factor_hybrid,1.0,126,21,5,0.025,2022,arriesgado,0.9873534318080732,0.0,-0.2206,0.1627,-1.3562,0.2783,12,False,8275.42,0.9167,0.0002
sin_bl,False,robust_factor_hybrid,1.0,126,21,5,0.025,2022,muy_arriesgado,0.9910100328492444,0.0,-0.2893,0.2158,-1.3402,0.3687,12,False,7609.82,0.9167,0.0001
sin_bl,False,robust_factor_hybrid,1.0,126,21,5,0.025,2023,muy_conservador,0.5,0.0,-0.0091,0.0,0.0,0.0,12,False,9954.29,0.3333,1.0
sin_bl,False,robust_factor_hybrid,1.0,126,21,5,0.025,2023,conservador,0.999997369969558,0.1211990769299945,-0.1016,0.0544,-1.8687,0.0543,5,True,4502.57,1.0,0.0
sin_bl,False,robust_factor_hybrid,1.0,126,21,5,0.025,2023,neutro,0.9526550822284132,0.0,0.1547,0.1658,0.9333,0.0811,12,False,11294.2,1.0,0.0
sin_bl,False,robust_factor_hybrid,1.0,126,21,5,0.025,2023,arriesgado,0.6641515233149288,0.0,0.1011,0.1256,0.8048,0.0845,12,False,10836.61,0.5833,0.0013
sin_bl,False,robust_factor_hybrid,1.0,126,21,5,0.025,2023,muy_arriesgado,0.6571914646788003,0.0,0.191,0.1677,1.1385,0.0991,12,False,11692.2,0.6667,0.0002
sin_bl,False,robust_factor_hybrid,1.0,126,21,5,0.025,2024,muy_conservador,0.5,0.0,-0.0091,0.0,0.0,0.0,12,False,9954.29,0.3333,1.0
sin_bl,False,robust_factor_hybrid,1.0,126,21,5,0.025,2024,conservador,0.9999999045761112,0.0,0.2144,0.1184,1.8104,0.0428,12,False,11263.83,1.0,0.0
sin_bl,False,robust_factor_hybrid,1.0,126,21,5,0.025,2024,neutro,0.997907242678573,0.0,0.2144,0.1184,1.8104,0.0428,12,False,11263.83,1.0,0.0
sin_bl,False,robust_factor_hybrid,1.0,126,21,5,0.025,2024,arriesgado,0.9900047838877856,0.0,0.218,0.0902,2.4182,0.0296,12,False,11237.7,1.0,0.0
sin_bl,False,robust_factor_hybrid,1.0,126,21,5,0.025,2024,muy_arriesgado,0.9977258493801368,0.0,0.2195,0.1292,1.6992,0.0478,12,False,11428.12,1.0,0.0
sin_bl,False,robust_factor_hybrid,1.0,126,21,5,0.025,2025,muy_conservador,0.5,0.0,-0.0091,0.0,0.0,0.0,12,False,9954.29,0.3333,1.0
sin_bl,False,robust_factor_hybrid,1.0,126,21,5,0.025,2025,conservador,0.9999999514220028,0.0,0.2179,0.0754,2.89,0.0324,12,False,11366.0,1.0,0.0
sin_bl,False,robust_factor_hybrid,1.0,126,21,5,0.025,2025,neutro,0.9989333087489682,0.0,0.2179,0.0754,2.89,0.0324,12,False,11366.0,1.0,0.0
sin_bl,False,robust_factor_hybrid,1.0,126,21,5,0.025,2025,arriesgado,0.999386757795761,0.0,0.0839,0.1059,0.7924,0.0841,12,False,10735.01,1.0,0.0
sin_bl,False,robust_factor_hybrid,1.0,126,21,5,0.025,2025,muy_arriesgado,0.9998843519533248,0.0,0.1887,0.147,1.2836,0.0797,12,False,11299.24,1.0,0.0
sin_bl,False,robust_factor_hybrid,1.0,126,21,5,0.05,2019,muy_conservador,0.5,0.0,-0.0091,0.0,0.0,0.0,12,False,9954.29,0.3333,1.0
sin_bl,False,robust_factor_hybrid,1.0,126,21,5,0.05,2019,conservador,0.999928891311728,0.1294999308504578,0.103,0.1563,0.6592,0.0561,5,True,4785.86,1.0,0.0
sin_bl,False,robust_factor_hybrid,1.0,126,21,5,0.05,2019,neutro,0.9999742293441076,0.0,0.1808,0.0521,3.4709,0.0179,12,False,11087.21,1.0,0.0
sin_bl,False,robust_factor_hybrid,1.0,126,21,5,0.05,2019,arriesgado,0.9999999659448364,0.0,0.275,0.1113,2.4712,0.0538,12,False,12032.55,1.0,0.0
sin_bl,False,robust_factor_hybrid,1.0,126,21,5,0.05,2019,muy_arriesgado,0.99999997384447,0.0,0.3614,0.1467,2.4636,0.0701,12,False,12972.01,1.0,0.0
sin_bl,False,robust_factor_hybrid,1.0,126,21,5,0.05,2020,muy_conservador,0.5,0.0,-0.0091,0.0,0.0,0.0,12,False,9954.29,0.3333,1.0
sin_bl,False,robust_factor_hybrid,1.0,126,21,5,0.05,2020,conservador,0.999988562146125,0.4990894757819538,-0.3353,,0.0,0.1131,2,True,1599.56,1.0,0.0
sin_bl,False,robust_factor_hybrid,1.0,126,21,5,0.05,2020,neutro,0.9999758445453732,0.333268960118909,-0.6037,0.3581,-1.6856,0.2355,3,True,2358.4,1.0,0.0
sin_bl,False,robust_factor_hybrid,1.0,126,21,5,0.05,2020,arriesgado,0.9999972305402056,0.0,0.3894,0.2292,1.6985,0.1828,12,False,11416.6,1.0,0.0
sin_bl,False,robust_factor_hybrid,1.0,126,21,5,0.05,2020,muy_arriesgado,0.9999999952678416,0.0,0.616,0.2656,2.3196,0.1718,12,False,12220.56,1.0,0.0
sin_bl,False,robust_factor_hybrid,1.0,126,21,5,0.05,2021,muy_conservador,0.5,0.0,-0.0091,0.0,0.0,0.0,12,False,9954.29,0.3333,1.0
sin_bl,False,robust_factor_hybrid,1.0,126,21,5,0.05,2021,conservador,0.999999932498507,0.5812485591598301,0.0,,0.0,0.0533,1,True,867.65,1.0,0.0
sin_bl,False,robust_factor_hybrid,1.0,126,21,5,0.05,2021,neutro,0.999827491216156,0.0,0.3929,0.1288,3.0511,0.0533,12,False,12953.57,1.0,0.0
sin_bl,False,robust_factor_hybrid,1.0,126,21,5,0.05,2021,arriesgado,0.9999999975388248,0.0,0.3566,0.1722,2.0709,0.0628,12,False,12127.15,1.0,0.0
sin_bl,False,robust_factor_hybrid,1.0,126,21,5,0.05,2021,muy_arriesgado,0.9999999999996602,0.0,0.3777,0.2273,1.6618,0.0842,12,False,12415.78,1.0,0.0
sin_bl,False,robust_factor_hybrid,1.0,126,21,5,0.05,2022,muy_conservador,0.5,0.0,-0.0091,0.0,0.0,0.0,12,False,9954.29,0.3333,1.0
sin_bl,False,robust_factor_hybrid,1.0,126,21,5,0.05,2022,conservador,0.9999999892624688,0.37846424952014,-0.1468,0.183,-0.802,0.0866,4,True,3211.61,1.0,0.0
sin_bl,False,robust_factor_hybrid,1.0,126,21,5,0.05,2022,neutro,0.9955522147342136,0.1750483565212424,-0.2174,0.2073,-1.0486,0.1958,9,True,6889.2,1.0,0.0
sin_bl,False,robust_factor_hybrid,1.0,126,21,5,0.05,2022,arriesgado,0.9993548565292604,0.0,-0.2333,0.1498,-1.5576,0.2867,12,False,8429.66,1.0,0.0
sin_bl,False,robust_factor_hybrid,1.0,126,21,5,0.05,2022,muy_arriesgado,0.9999320139072884,0.0,-0.3389,0.1904,-1.7801,0.394,12,False,7691.32,1.0,0.0
sin_bl,False,robust_factor_hybrid,1.0,126,21,5,0.05,2023,muy_conservador,0.5,0.0,-0.0091,0.0,0.0,0.0,12,False,9954.29,0.3333,1.0
sin_bl,False,robust_factor_hybrid,1.0,126,21,5,0.05,2023,conservador,0.999997369969558,0.1211990769299945,-0.1016,0.0544,-1.8687,0.0543,5,True,4502.57,1.0,0.0
sin_bl,False,robust_factor_hybrid,1.0,126,21,5,0.05,2023,neutro,0.9526550822284132,0.0,0.1547,0.1658,0.9333,0.0811,12,False,11294.2,1.0,0.0
sin_bl,False,robust_factor_hybrid,1.0,126,21,5,0.05,2023,arriesgado,0.9671915897146482,0.0,0.0903,0.1164,0.7758,0.0857,12,False,10953.45,1.0,0.0
sin_bl,False,robust_factor_hybrid,1.0,126,21,5,0.05,2023,muy_arriesgado,0.9933737172821552,0.0,0.1538,0.1249,1.2316,0.1014,12,False,11742.23,1.0,0.0
sin_bl,False,robust_factor_hybrid,1.0,126,21,5,0.05,2024,muy_conservador,0.5,0.0,-0.0091,0.0,0.0,0.0,12,False,9954.29,0.3333,1.0
sin_bl,False,robust_factor_hybrid,1.0,126,21,5,0.05,2024,conservador,0.9999999045761112,0.0,0.2144,0.1184,1.8104,0.0428,12,False,11263.83,1.0,0.0
sin_bl,False,robust_factor_hybrid,1.0,126,21,5,0.05,2024,neutro,0.997907242678573,0.0,0.2144,0.1184,1.8104,0.0428,12,False,11263.83,1.0,0.0
sin_bl,False,robust_factor_hybrid,1.0,126,21,5,0.05,2024,arriesgado,0.9997806153722316,0.0,0.2538,0.0951,2.6677,0.0288,12,False,11591.68,1.0,0.0
sin_bl,False,robust_factor_hybrid,1.0,126,21,5,0.05,2024,muy_arriesgado,0.9999887071293222,0.0,0.253,0.1108,2.2846,0.0342,12,False,11513.54,1.0,0.0
sin_bl,False,robust_factor_hybrid,1.0,126,21,5,0.05,2025,muy_conservador,0.5,0.0,-0.0091,0.0,0.0,0.0,12,False,9954.29,0.3333,1.0
sin_bl,False,robust_factor_hybrid,1.0,126,21,5,0.05,2025,conservador,0.9999999514220028,0.0,0.2179,0.0754,2.89,0.0324,12,False,11366.0,1.0,0.0
sin_bl,False,robust_factor_hybrid,1.0,126,21,5,0.05,2025,neutro,0.9895758351247592,0.0,0.2209,0.0752,2.9386,0.0324,12,False,11368.58,0.9167,0.0005
sin_bl,False,robust_factor_hybrid,1.0,126,21,5,0.05,2025,arriesgado,0.9999826628981006,0.0,0.0775,0.1075,0.7211,0.0993,12,False,10498.33,1.0,0.0
sin_bl,False,robust_factor_hybrid,1.0,126,21,5,0.05,2025,muy_arriesgado,0.9999994228639189,0.0,0.0983,0.1555,0.632,0.1396,12,False,10556.84,1.0,0.0
sin_bl,False,robust_factor_hybrid,1.0,126,21,5,0.1,2019,muy_conservador,0.5,0.0,-0.0091,0.0,0.0,0.0,12,False,9954.29,0.3333,1.0
sin_bl,False,robust_factor_hybrid,1.0,126,21,5,0.1,2019,conservador,0.999928891311728,0.1294999308504578,0.103,0.1563,0.6592,0.0561,5,True,4785.86,1.0,0.0
sin_bl,False,robust_factor_hybrid,1.0,126,21,5,0.1,2019,neutro,0.9999760025284282,0.0,0.1782,0.0516,3.4502,0.0183,12,False,11044.5,1.0,0.0
sin_bl,False,robust_factor_hybrid,1.0,126,21,5,0.1,2019,arriesgado,0.9999999842013892,0.0,0.2979,0.1104,2.6993,0.0589,12,False,11826.12,1.0,0.0
sin_bl,False,robust_factor_hybrid,1.0,126,21,5,0.1,2019,muy_arriesgado,0.9999999981311436,0.0,0.3836,0.15,2.5563,0.0817,12,False,12556.7,1.0,0.0
sin_bl,False,robust_factor_hybrid,1.0,126,21,5,0.1,2020,muy_conservador,0.5,0.0,-0.0091,0.0,0.0,0.0,12,False,9954.29,0.3333,1.0
sin_bl,False,robust_factor_hybrid,1.0,126,21,5,0.1,2020,conservador,0.999988562146125,0.4990894757819538,-0.3353,,0.0,0.1131,2,True,1599.56,1.0,0.0
sin_bl,False,robust_factor_hybrid,1.0,126,21,5,0.1,2020,neutro,0.9999802950986206,0.3332648972349517,-0.6015,0.364,-1.6523,0.2349,3,True,2365.53,1.0,0.0
sin_bl,False,robust_factor_hybrid,1.0,126,21,5,0.1,2020,arriesgado,0.9999987929193308,0.0,0.3833,0.2111,1.8156,0.1671,12,False,11540.48,1.0,0.0
sin_bl,False,robust_factor_hybrid,1.0,126,21,5,0.1,2020,muy_arriesgado,0.999999999838232,0.0,0.5633,0.2325,2.4227,0.1476,12,False,12388.25,1.0,0.0
sin_bl,False,robust_factor_hybrid,1.0,126,21,5,0.1,2021,muy_conservador,0.5,0.0,-0.0091,0.0,0.0,0.0,12,False,9954.29,0.3333,1.0
sin_bl,False,robust_factor_hybrid,1.0,126,21,5,0.1,2021,conservador,0.999999932498507,0.5812485591598301,0.0,,0.0,0.0533,1,True,867.65,1.0,0.0
sin_bl,False,robust_factor_hybrid,1.0,126,21,5,0.1,2021,neutro,0.999827491216156,0.0,0.3929,0.1288,3.0511,0.0533,12,False,12953.57,1.0,0.0
sin_bl,False,robust_factor_hybrid,1.0,126,21,5,0.1,2021,arriesgado,0.9999999978876682,0.0,0.354,0.1692,2.092,0.062,12,False,12047.72,1.0,0.0
sin_bl,False,robust_factor_hybrid,1.0,126,21,5,0.1,2021,muy_arriesgado,0.9999999999998344,0.0,0.382,0.226,1.6902,0.0874,12,False,12223.58,1.0,0.0
sin_bl,False,robust_factor_hybrid,1.0,126,21,5,0.1,2022,muy_conservador,0.5,0.0,-0.0091,0.0,0.0,0.0,12,False,9954.29,0.3333,1.0
sin_bl,False,robust_factor_hybrid,1.0,126,21,5,0.1,2022,conservador,0.9999999892624688,0.37846424952014,-0.1468,0.183,-0.802,0.0866,4,True,3211.61,1.0,0.0
sin_bl,False,robust_factor_hybrid,1.0,126,21,5,0.1,2022,neutro,0.9955522147342136,0.1750483565212424,-0.2174,0.2073,-1.0486,0.1958,9,True,6889.2,1.0,0.0
sin_bl,False,robust_factor_hybrid,1.0,126,21,5,0.1,2022,arriesgado,0.9996735485958048,0.0,-0.2249,0.1538,-1.4622,0.2898,12,False,8507.98,1.0,0.0
sin_bl,False,robust_factor_hybrid,1.0,126,21,5,0.1,2022,muy_arriesgado,0.9999915702606588,0.0,-0.3128,0.1852,-1.6892,0.3741,12,False,7882.2,1.0,0.0
sin_bl,False,robust_factor_hybrid,1.0,126,21,5,0.1,2023,muy_conservador,0.5,0.0,-0.0091,0.0,0.0,0.0,12,False,9954.29,0.3333,1.0
sin_bl,False,robust_factor_hybrid,1.0,126,21,5,0.1,2023,conservador,0.999997369969558,0.1211990769299945,-0.1016,0.0544,-1.8687,0.0543,5,True,4502.57,1.0,0.0
sin_bl,False,robust_factor_hybrid,1.0,126,21,5,0.1,2023,neutro,0.9526550822284132,0.0,0.1547,0.1658,0.9333,0.0811,12,False,11294.2,1.0,0.0
sin_bl,False,robust_factor_hybrid,1.0,126,21,5,0.1,2023,arriesgado,0.987339299613339,0.0,0.085,0.1226,0.6937,0.0954,12,False,10905.8,1.0,0.0
sin_bl,False,robust_factor_hybrid,1.0,126,21,5,0.1,2023,muy_arriesgado,0.99950576642879,0.0,0.144,0.1275,1.1293,0.1123,12,False,11756.88,1.0,0.0
sin_bl,False,robust_factor_hybrid,1.0,126,21,5,0.1,2024,muy_conservador,0.5,0.0,-0.0091,0.0,0.0,0.0,12,False,9954.29,0.3333,1.0
sin_bl,False,robust_factor_hybrid,1.0,126,21,5,0.1,2024,conservador,0.9999999045761112,0.0,0.2144,0.1184,1.8104,0.0428,12,False,11263.83,1.0,0.0
sin_bl,False,robust_factor_hybrid,1.0,126,21,5,0.1,2024,neutro,0.997907242678573,0.0,0.2144,0.1184,1.8104,0.0428,12,False,11263.83,1.0,0.0
sin_bl,False,robust_factor_hybrid,1.0,126,21,5,0.1,2024,arriesgado,0.9999353709886836,0.0,0.2448,0.0912,2.6831,0.0233,12,False,11607.36,1.0,0.0
sin_bl,False,robust_factor_hybrid,1.0,126,21,5,0.1,2024,muy_arriesgado,0.9999997295988352,0.0,0.2934,0.1238,2.3691,0.033,12,False,11936.51,1.0,0.0
sin_bl,False,robust_factor_hybrid,1.0,126,21,5,0.1,2025,muy_conservador,0.5,0.0,-0.0091,0.0,0.0,0.0,12,False,9954.29,0.3333,1.0
sin_bl,False,robust_factor_hybrid,1.0,126,21,5,0.1,2025,conservador,0.9999999514220028,0.0,0.2179,0.0754,2.89,0.0324,12,False,11366.0,1.0,0.0
sin_bl,False,robust_factor_hybrid,1.0,126,21,5,0.1,2025,neutro,0.9923242923074732,0.0,0.2198,0.0752,2.9207,0.0324,12,False,11367.61,0.9167,0.0004
sin_bl,False,robust_factor_hybrid,1.0,126,21,5,0.1,2025,arriesgado,0.9999948602135356,0.0,0.0845,0.1037,0.8148,0.0919,12,False,10441.84,1.0,0.0
sin_bl,False,robust_factor_hybrid,1.0,126,21,5,0.1,2025,muy_arriesgado,0.9999999596904876,0.0,0.1422,0.1347,1.0555,0.1233,12,False,10561.95,1.0,0.0
sin_bl,False,robust_factor_hybrid,1.0,126,21,5,0.15,2019,muy_conservador,0.5,0.0,-0.0091,0.0,0.0,0.0,12,False,9954.29,0.3333,1.0
sin_bl,False,robust_factor_hybrid,1.0,126,21,5,0.15,2019,conservador,0.999928891311728,0.1294999308504578,0.103,0.1563,0.6592,0.0561,5,True,4785.86,1.0,0.0
sin_bl,False,robust_factor_hybrid,1.0,126,21,5,0.15,2019,neutro,0.9999760211553332,0.0,0.1778,0.0517,3.4413,0.0185,12,False,11040.77,1.0,0.0
sin_bl,False,robust_factor_hybrid,1.0,126,21,5,0.15,2019,arriesgado,0.9999999852162336,0.0,0.3014,0.1118,2.695,0.0597,12,False,11815.62,1.0,0.0
sin_bl,False,robust_factor_hybrid,1.0,126,21,5,0.15,2019,muy_arriesgado,0.9999999988917712,0.0,0.4063,0.1572,2.5847,0.0879,12,False,12549.53,1.0,0.0
sin_bl,False,robust_factor_hybrid,1.0,126,21,5,0.15,2020,muy_conservador,0.5,0.0,-0.0091,0.0,0.0,0.0,12,False,9954.29,0.3333,1.0
sin_bl,False,robust_factor_hybrid,1.0,126,21,5,0.15,2020,conservador,0.999988562146125,0.4990894757819538,-0.3353,,0.0,0.1131,2,True,1599.56,1.0,0.0
sin_bl,False,robust_factor_hybrid,1.0,126,21,5,0.15,2020,neutro,0.999980496908404,0.3332671137581066,-0.6023,0.3642,-1.6537,0.2352,3,True,2364.85,1.0,0.0
sin_bl,False,robust_factor_hybrid,1.0,126,21,5,0.15,2020,arriesgado,0.9999988042024966,0.0,0.3842,0.2091,1.8372,0.1652,12,False,11597.48,1.0,0.0
sin_bl,False,robust_factor_hybrid,1.0,126,21,5,0.15,2020,muy_arriesgado,0.9999999998495096,0.0,0.566,0.2345,2.414,0.1463,12,False,12451.81,1.0,0.0
sin_bl,False,robust_factor_hybrid,1.0,126,21,5,0.15,2021,muy_conservador,0.5,0.0,-0.0091,0.0,0.0,0.0,12,False,9954.29,0.3333,1.0
sin_bl,False,robust_factor_hybrid,1.0,126,21,5,0.15,2021,conservador,0.999999932498507,0.5812485591598301,0.0,,0.0,0.0533,1,True,867.65,1.0,0.0
sin_bl,False,robust_factor_hybrid,1.0,126,21,5,0.15,2021,neutro,0.999827491216156,0.0,0.3929,0.1288,3.0511,0.0533,12,False,12953.57,1.0,0.0
sin_bl,False,robust_factor_hybrid,1.0,126,21,5,0.15,2021,arriesgado,0.9999999978864144,0.0,0.3552,0.1695,2.096,0.0623,12,False,12059.68,1.0,0.0
sin_bl,False,robust_factor_hybrid,1.0,126,21,5,0.15,2021,muy_arriesgado,0.9999999999998344,0.0,0.3818,0.2261,1.6887,0.0874,12,False,12227.05,1.0,0.0
sin_bl,False,robust_factor_hybrid,1.0,126,21,5,0.15,2022,muy_conservador,0.5,0.0,-0.0091,0.0,0.0,0.0,12,False,9954.29,0.3333,1.0
sin_bl,False,robust_factor_hybrid,1.0,126,21,5,0.15,2022,conservador,0.9999999892624688,0.37846424952014,-0.1468,0.183,-0.802,0.0866,4,True,3211.61,1.0,0.0
sin_bl,False,robust_factor_hybrid,1.0,126,21,5,0.15,2022,neutro,0.9955522147342136,0.1750483565212424,-0.2174,0.2073,-1.0486,0.1958,9,True,6889.2,1.0,0.0
sin_bl,False,robust_factor_hybrid,1.0,126,21,5,0.15,2022,arriesgado,0.9997202812409874,0.0,-0.2217,0.1528,-1.4503,0.2865,12,False,8514.77,1.0,0.0
sin_bl,False,robust_factor_hybrid,1.0,126,21,5,0.15,2022,muy_arriesgado,0.9999949059070516,0.0,-0.3063,0.1845,-1.6604,0.3678,12,False,7900.67,1.0,0.0
sin_bl,False,robust_factor_hybrid,1.0,126,21,5,0.15,2023,muy_conservador,0.5,0.0,-0.0091,0.0,0.0,0.0,12,False,9954.29,0.3333,1.0
sin_bl,False,robust_factor_hybrid,1.0,126,21,5,0.15,2023,conservador,0.999997369969558,0.1211990769299945,-0.1016,0.0544,-1.8687,0.0543,5,True,4502.57,1.0,0.0
sin_bl,False,robust_factor_hybrid,1.0,126,21,5,0.15,2023,neutro,0.9526550822284132,0.0,0.1547,0.1658,0.9333,0.0811,12,False,11294.2,1.0,0.0
sin_bl,False,robust_factor_hybrid,1.0,126,21,5,0.15,2023,arriesgado,0.9911402533528676,0.0,0.102,0.1226,0.832,0.0862,12,False,10947.36,1.0,0.0
sin_bl,False,robust_factor_hybrid,1.0,126,21,5,0.15,2023,muy_arriesgado,0.9997372354550064,0.0,0.1623,0.1353,1.2003,0.1103,12,False,11800.26,1.0,0.0
sin_bl,False,robust_factor_hybrid,1.0,126,21,5,0.15,2024,muy_conservador,0.5,0.0,-0.0091,0.0,0.0,0.0,12,False,9954.29,0.3333,1.0
sin_bl,False,robust_factor_hybrid,1.0,126,21,5,0.15,2024,conservador,0.9999999045761112,0.0,0.2144,0.1184,1.8104,0.0428,12,False,11263.83,1.0,0.0
sin_bl,False,robust_factor_hybrid,1.0,126,21,5,0.15,2024,neutro,0.997907242678573,0.0,0.2144,0.1184,1.8104,0.0428,12,False,11263.83,1.0,0.0
sin_bl,False,robust_factor_hybrid,1.0,126,21,5,0.15,2024,arriesgado,0.999950528821484,0.0,0.2501,0.0923,2.7088,0.0284,12,False,11670.5,1.0,0.0
sin_bl,False,robust_factor_hybrid,1.0,126,21,5,0.15,2024,muy_arriesgado,0.9999998872442616,0.0,0.3161,0.1266,2.4973,0.0376,12,False,12126.75,1.0,0.0
sin_bl,False,robust_factor_hybrid,1.0,126,21,5,0.15,2025,muy_conservador,0.5,0.0,-0.0091,0.0,0.0,0.0,12,False,9954.29,0.3333,1.0
sin_bl,False,robust_factor_hybrid,1.0,126,21,5,0.15,2025,conservador,0.9999999514220028,0.0,0.2179,0.0754,2.89,0.0324,12,False,11366.0,1.0,0.0
sin_bl,False,robust_factor_hybrid,1.0,126,21,5,0.15,2025,neutro,0.992321361298818,0.0,0.2198,0.0752,2.9204,0.0324,12,False,11367.6,0.9167,0.0004
sin_bl,False,robust_factor_hybrid,1.0,126,21,5,0.15,2025,arriesgado,0.999995301596166,0.0,0.0827,0.1099,0.7528,0.0918,12,False,10370.48,1.0,0.0
sin_bl,False,robust_factor_hybrid,1.0,126,21,5,0.15,2025,muy_arriesgado,0.999999980530978,0.0,0.1627,0.1305,1.2475,0.1145,12,False,10569.44,1.0,0.0
sin_bl,False,robust_factor_hybrid,1.0,126,21,5,0.2,2019,muy_conservador,0.5,0.0,-0.0091,0.0,0.0,0.0,12,False,9954.29,0.3333,1.0
sin_bl,False,robust_factor_hybrid,1.0,126,21,5,0.2,2019,conservador,0.999928891311728,0.1294999308504578,0.103,0.1563,0.6592,0.0561,5,True,4785.86,1.0,0.0
sin_bl,False,robust_factor_hybrid,1.0,126,21,5,0.2,2019,neutro,0.9999760286558956,0.0,0.1782,0.0517,3.4441,0.0184,12,False,11042.24,1.0,0.0
sin_bl,False,robust_factor_hybrid,1.0,126,21,5,0.2,2019,arriesgado,0.9999999853275034,0.0,0.2995,0.1124,2.6653,0.0597,12,False,11807.1,1.0,0.0
sin_bl,False,robust_factor_hybrid,1.0,126,21,5,0.2,2019,muy_arriesgado,0.9999999989846112,0.0,0.4067,0.1599,2.5443,0.0894,12,False,12509.18,1.0,0.0
sin_bl,False,robust_factor_hybrid,1.0,126,21,5,0.2,2020,muy_conservador,0.5,0.0,-0.0091,0.0,0.0,0.0,12,False,9954.29,0.3333,1.0
sin_bl,False,robust_factor_hybrid,1.0,126,21,5,0.2,2020,conservador,0.999988562146125,0.4990894757819538,-0.3353,,0.0,0.1131,2,True,1599.56,1.0,0.0
sin_bl,False,robust_factor_hybrid,1.0,126,21,5,0.2,2020,neutro,0.9999804922843364,0.333266743169214,-0.6022,0.3636,-1.656,0.2352,3,True,2364.78,1.0,0.0
sin_bl,False,robust_factor_hybrid,1.0,126,21,5,0.2,2020,arriesgado,0.9999988034305144,0.0,0.3797,0.2099,1.8092,0.1653,12,False,11562.75,1.0,0.0
sin_bl,False,robust_factor_hybrid,1.0,126,21,5,0.2,2020,muy_arriesgado,0.9999999998496042,0.0,0.5695,0.234,2.4332,0.1461,12,False,12505.98,1.0,0.0
sin_bl,False,robust_factor_hybrid,1.0,126,21,5,0.2,2021,muy_conservador,0.5,0.0,-0.0091,0.0,0.0,0.0,12,False,9954.29,0.3333,1.0
sin_bl,False,robust_factor_hybrid,1.0,126,21,5,0.2,2021,conservador,0.999999932498507,0.5812485591598301,0.0,,0.0,0.0533,1,True,867.65,1.0,0.0
sin_bl,False,robust_factor_hybrid,1.0,126,21,5,0.2,2021,neutro,0.999827491216156,0.0,0.3929,0.1288,3.0511,0.0533,12,False,12953.57,1.0,0.0
sin_bl,False,robust_factor_hybrid,1.0,126,21,5,0.2,2021,arriesgado,0.9999999978876494,0.0,0.3529,0.1692,2.086,0.062,12,False,12045.83,1.0,0.0
sin_bl,False,robust_factor_hybrid,1.0,126,21,5,0.2,2021,muy_arriesgado,0.9999999999998342,0.0,0.3834,0.226,1.6969,0.0875,12,False,12237.17,1.0,0.0
sin_bl,False,robust_factor_hybrid,1.0,126,21,5,0.2,2022,muy_conservador,0.5,0.0,-0.0091,0.0,0.0,0.0,12,False,9954.29,0.3333,1.0
sin_bl,False,robust_factor_hybrid,1.0,126,21,5,0.2,2022,conservador,0.9999999892624688,0.37846424952014,-0.1468,0.183,-0.802,0.0866,4,True,3211.61,1.0,0.0
sin_bl,False,robust_factor_hybrid,1.0,126,21,5,0.2,2022,neutro,0.9955522147342136,0.1750483565212424,-0.2174,0.2073,-1.0486,0.1958,9,True,6889.2,1.0,0.0
sin_bl,False,robust_factor_hybrid,1.0,126,21,5,0.2,2022,arriesgado,0.9997203598172816,0.0,-0.2219,0.1529,-1.4507,0.2868,12,False,8512.1,1.0,0.0
sin_bl,False,robust_factor_hybrid,1.0,126,21,5,0.2,2022,muy_arriesgado,0.9999960493271524,0.0,-0.3024,0.1833,-1.6498,0.3643,12,False,7905.01,1.0,0.0
sin_bl,False,robust_factor_hybrid,1.0,126,21,5,0.2,2023,muy_conservador,0.5,0.0,-0.0091,0.0,0.0,0.0,12,False,9954.29,0.3333,1.0
sin_bl,False,robust_factor_hybrid,1.0,126,21,5,0.2,2023,conservador,0.999997369969558,0.1211990769299945,-0.1016,0.0544,-1.8687,0.0543,5,True,4502.57,1.0,0.0
sin_bl,False,robust_factor_hybrid,1.0,126,21,5,0.2,2023,neutro,0.9526550822284132,0.0,0.1547,0.1658,0.9333,0.0811,12,False,11294.2,1.0,0.0
sin_bl,False,robust_factor_hybrid,1.0,126,21,5,0.2,2023,arriesgado,0.991444271968208,0.0,0.112,0.1231,0.9102,0.08,12,False,10973.01,1.0,0.0
sin_bl,False,robust_factor_hybrid,1.0,126,21,5,0.2,2023,muy_arriesgado,0.9998201479672426,0.0,0.1926,0.1401,1.3741,0.0982,12,False,11914.56,1.0,0.0
sin_bl,False,robust_factor_hybrid,1.0,126,21,5,0.2,2024,muy_conservador,0.5,0.0,-0.0091,0.0,0.0,0.0,12,False,9954.29,0.3333,1.0
sin_bl,False,robust_factor_hybrid,1.0,126,21,5,0.2,2024,conservador,0.9999999045761112,0.0,0.2144,0.1184,1.8104,0.0428,12,False,11263.83,1.0,0.0
sin_bl,False,robust_factor_hybrid,1.0,126,21,5,0.2,2024,neutro,0.997907242678573,0.0,0.2144,0.1184,1.8104,0.0428,12,False,11263.83,1.0,0.0
sin_bl,False,robust_factor_hybrid,1.0,126,21,5,0.2,2024,arriesgado,0.9999508831932272,0.0,0.2545,0.0937,2.7171,0.0287,12,False,11689.34,1.0,0.0
sin_bl,False,robust_factor_hybrid,1.0,126,21,5,0.2,2024,muy_arriesgado,0.9999999208907236,0.0,0.3207,0.1277,2.5112,0.0453,12,False,12206.79,1.0,0.0
sin_bl,False,robust_factor_hybrid,1.0,126,21,5,0.2,2025,muy_conservador,0.5,0.0,-0.0091,0.0,0.0,0.0,12,False,9954.29,0.3333,1.0
sin_bl,False,robust_factor_hybrid,1.0,126,21,5,0.2,2025,conservador,0.9999999514220029,0.0,0.2179,0.0754,2.89,0.0324,12,False,11366.0,1.0,0.0
sin_bl,False,robust_factor_hybrid,1.0,126,21,5,0.2,2025,neutro,0.9923194304294594,0.0,0.2198,0.0752,2.9207,0.0324,12,False,11367.61,0.9167,0.0004
sin_bl,False,robust_factor_hybrid,1.0,126,21,5,0.2,2025,arriesgado,0.9999953214600644,0.0,0.0832,0.1111,0.7489,0.0918,12,False,10363.42,1.0,0.0
sin_bl,False,robust_factor_hybrid,1.0,126,21,5,0.2,2025,muy_arriesgado,0.9999999847494602,0.0,0.1481,0.134,1.1057,0.1147,12,False,10499.28,1.0,0.0
